99-1469970,Beckie,Storek,bstorek0@skyrock.com,Female,Slovenia,https://robohash.org/corporisrerumalias.jpg?size=50x50&set=set1,11/13/2011
47-2356891,Abigael,Ruckledge,aruckledge1@hibu.com,Female,China,https://robohash.org/accusamusaliquidvoluptate.jpg?size=50x50&set=set1,3/1/1969
39-0613800,Ole,Cersey,ocersey2@bigcartel.com,Male,China,https://robohash.org/doloresexpeditaut.png?size=50x50&set=set1,2/2/1963
48-5846687,Briano,Kop,bkop3@nih.gov,Male,Indonesia,https://robohash.org/nostrumimpeditdolorem.bmp?size=50x50&set=set1,7/20/1961
81-7216970,Ole,Rosas,orosas4@tumblr.com,Male,Honduras,https://robohash.org/perspiciatisremrepudiandae.bmp?size=50x50&set=set1,1/5/1966
22-8208802,Chaunce,Endle,cendle5@squidoo.com,Male,Brazil,https://robohash.org/sintvoluptatemaxime.png?size=50x50&set=set1,11/19/2009
44-5511187,Ilario,Blasli,iblasli6@blogtalkradio.com,Male,Thailand,https://robohash.org/aliasreprehenderitaut.jpg?size=50x50&set=set1,2/7/1984
68-3922237,Dania,Abramin,dabramin7@aol.com,Female,China,https://robohash.org/eumlaboreaccusamus.bmp?size=50x50&set=set1,10/6/2014
61-8063429,Bron,Finnigan,bfinnigan8@pbs.org,Male,Albania,https://robohash.org/estquisminus.png?size=50x50&set=set1,5/12/2014
04-8873420,Trixy,Lindenman,tlindenman9@google.es,Female,Russia,https://robohash.org/fugitoccaecatiipsa.bmp?size=50x50&set=set1,5/4/1993
25-8520595,Nonna,Daggett,ndaggetta@amazon.co.uk,Female,Bangladesh,https://robohash.org/idnullavoluptates.png?size=50x50&set=set1,5/25/2006
92-7813451,Carr,Scorer,cscorerb@elegantthemes.com,Male,Indonesia,https://robohash.org/etfugitharum.bmp?size=50x50&set=set1,3/27/1989
68-8210792,Gizela,Calbreath,gcalbreathc@canalblog.com,Female,Mongolia,https://robohash.org/enimtemporaaccusamus.bmp?size=50x50&set=set1,3/2/2010
04-4557968,Meridith,McGeachie,mmcgeachied@ftc.gov,Female,Indonesia,https://robohash.org/quaeratabsit.png?size=50x50&set=set1,2/27/1978
95-0848182,Timmie,Godsal,tgodsale@java.com,Male,Portugal,https://robohash.org/illoipsamaut.bmp?size=50x50&set=set1,2/17/2008
26-1678577,Zia,Pawelec,zpawelecf@delicious.com,Female,China,https://robohash.org/porroetodio.bmp?size=50x50&set=set1,7/22/1970
96-6211731,Lise,Ibel,libelg@sogou.com,Female,Thailand,https://robohash.org/sinteamollitia.bmp?size=50x50&set=set1,2/3/2003
46-9297094,Hammad,Raye,hrayeh@house.gov,Male,France,https://robohash.org/enimodiosint.jpg?size=50x50&set=set1,1/26/1990
42-1499434,Darby,Szapiro,dszapiroi@sohu.com,Male,Pakistan,https://robohash.org/cupiditateetautem.jpg?size=50x50&set=set1,8/22/1984
99-8221871,Hugh,Greated,hgreatedj@drupal.org,Male,Indonesia,https://robohash.org/consecteturdeseruntofficia.bmp?size=50x50&set=set1,5/12/1971
09-1433753,Peadar,Elgie,pelgiek@i2i.jp,Male,Japan,https://robohash.org/etnesciuntut.png?size=50x50&set=set1,2/15/1981
65-5141450,Cherish,O'Fihily,cofihilyl@mit.edu,Female,France,https://robohash.org/quiaautet.jpg?size=50x50&set=set1,4/19/1993
93-8454655,Aldridge,Lauxmann,alauxmannm@arizona.edu,Male,Austria,https://robohash.org/etutaliquid.jpg?size=50x50&set=set1,5/8/1993
43-2311867,Violante,Kemson,vkemsonn@acquirethisname.com,Female,Indonesia,https://robohash.org/culpaipsamfuga.bmp?size=50x50&set=set1,10/21/2011
63-0926364,Cicily,Dunrige,cdunrigeo@nasa.gov,Female,Peru,https://robohash.org/accusamuseaqueassumenda.png?size=50x50&set=set1,11/7/1983
23-5792208,Vanna,Aspy,vaspyp@ed.gov,Female,China,https://robohash.org/fugitquibusdamvitae.jpg?size=50x50&set=set1,9/5/1961
79-5212945,Laughton,Cumberland,lcumberlandq@ihg.com,Male,Poland,https://robohash.org/ipsumofficiainventore.png?size=50x50&set=set1,3/22/1976
01-3281109,Ansley,Vinker,avinkerr@skype.com,Female,Indonesia,https://robohash.org/etdelenitiut.png?size=50x50&set=set1,8/5/2002
97-8876812,Land,Peskin,lpeskins@npr.org,Male,Vietnam,https://robohash.org/consequaturaccusamusexcepturi.png?size=50x50&set=set1,11/28/2012
87-5941377,Genevra,Cammocke,gcammocket@pagesperso-orange.fr,Female,Indonesia,https://robohash.org/omnisassumendamolestias.png?size=50x50&set=set1,11/18/1987
18-0596606,Merlina,Wemm,mwemmu@blog.com,Female,China,https://robohash.org/inventorenumquamad.png?size=50x50&set=set1,7/11/2004
42-7479397,Delilah,Goggan,dgogganv@imdb.com,Female,Russia,https://robohash.org/similiqueestvoluptatem.jpg?size=50x50&set=set1,5/16/1967
16-3956867,Carline,Oakshott,coakshottw@wikimedia.org,Female,Iceland,https://robohash.org/asperioreseligendienim.jpg?size=50x50&set=set1,11/22/2010
50-8202873,Fleming,Androck,fandrockx@nature.com,Male,Kosovo,https://robohash.org/dolorumeaiusto.bmp?size=50x50&set=set1,11/5/1981
80-4052063,Carmel,Wadesworth,cwadesworthy@rakuten.co.jp,Female,China,https://robohash.org/commodiveritatisnon.jpg?size=50x50&set=set1,4/5/1964
90-7109113,Fernande,Reinbach,freinbachz@tuttocitta.it,Female,Indonesia,https://robohash.org/officiisfacilisautem.png?size=50x50&set=set1,4/10/2004
50-7906008,James,Litchfield,jlitchfield10@answers.com,Male,Brazil,https://robohash.org/blanditiisexpeditasint.jpg?size=50x50&set=set1,8/7/1983
93-4878731,Michel,Howsin,mhowsin11@google.pl,Female,Mauritania,https://robohash.org/quisquamquosanimi.png?size=50x50&set=set1,9/15/1966
48-8987950,Wald,Peplay,wpeplay12@tmall.com,Male,Netherlands,https://robohash.org/quiasuntqui.bmp?size=50x50&set=set1,5/3/1986
57-1393607,Deva,Antonikov,dantonikov13@digg.com,Female,Poland,https://robohash.org/quiexcepturirepudiandae.jpg?size=50x50&set=set1,10/14/1973
58-2443199,Martita,Filmer,mfilmer14@youku.com,Female,China,https://robohash.org/nequeporrocumque.bmp?size=50x50&set=set1,8/4/1967
84-3787898,Dyan,Haskins,dhaskins15@squidoo.com,Female,Japan,https://robohash.org/eumexiusto.bmp?size=50x50&set=set1,6/11/1989
39-5571872,Piggy,McPhail,pmcphail16@bloglovin.com,Male,Ukraine,https://robohash.org/adnihilqui.jpg?size=50x50&set=set1,9/18/1989
76-3415155,Nathanial,Lokier,nlokier17@domainmarket.com,Male,China,https://robohash.org/quiipsumplaceat.jpg?size=50x50&set=set1,10/14/1996
44-9960879,Filmore,Headon,fheadon18@google.com.au,Male,Ukraine,https://robohash.org/reiciendisetcorporis.png?size=50x50&set=set1,5/23/1971
84-1569736,Flinn,Gouldie,fgouldie19@cocolog-nifty.com,Male,China,https://robohash.org/autemiuretemporibus.bmp?size=50x50&set=set1,5/26/1998
44-3938303,Selene,Aherne,saherne1a@meetup.com,Female,Nigeria,https://robohash.org/quiserrortotam.jpg?size=50x50&set=set1,7/17/1960
29-1987295,Gabbey,Lissimore,glissimore1b@blog.com,Female,Croatia,https://robohash.org/fugitautfacere.bmp?size=50x50&set=set1,8/26/2008
49-0101364,Gabriela,Orringe,gorringe1c@livejournal.com,Female,Indonesia,https://robohash.org/rerumutquia.png?size=50x50&set=set1,11/4/1977
20-9703083,Knox,Medendorp,kmedendorp1d@usa.gov,Male,Sweden,https://robohash.org/quiquiquibusdam.png?size=50x50&set=set1,3/18/2007
95-4487028,Ariadne,Stapels,astapels1e@wsj.com,Female,Argentina,https://robohash.org/sititaquereprehenderit.png?size=50x50&set=set1,5/2/2015
43-2340757,Ketti,Hibling,khibling1f@scientificamerican.com,Female,Russia,https://robohash.org/estrepellatducimus.jpg?size=50x50&set=set1,6/20/1976
58-2246798,Joline,Dightham,jdightham1g@jugem.jp,Female,Greece,https://robohash.org/rerumducimusdolores.bmp?size=50x50&set=set1,4/30/1983
15-0978119,Dionysus,Devons,ddevons1h@amazon.com,Male,Mexico,https://robohash.org/consequaturetmagni.bmp?size=50x50&set=set1,5/8/1966
83-6809377,Vitoria,Matashkin,vmatashkin1i@washington.edu,Female,China,https://robohash.org/corruptiutnon.png?size=50x50&set=set1,1/11/1971
43-8110431,Ansel,Laye,alaye1j@unicef.org,Male,Chad,https://robohash.org/nequefugitminima.jpg?size=50x50&set=set1,11/11/1989
90-5738483,Geordie,Messom,gmessom1k@ftc.gov,Male,Canada,https://robohash.org/indictaet.jpg?size=50x50&set=set1,5/17/1993
15-9971885,Vicki,Canada,vcanada1l@altervista.org,Female,China,https://robohash.org/velitrerumet.bmp?size=50x50&set=set1,6/21/2008
49-1959625,Roderigo,Slinger,rslinger1m@reverbnation.com,Male,Mongolia,https://robohash.org/quisquamveniamaut.png?size=50x50&set=set1,8/1/2003
93-0650522,Edna,Cunningham,ecunningham1n@ocn.ne.jp,Female,Tunisia,https://robohash.org/quisquisnostrum.bmp?size=50x50&set=set1,3/3/2010
