41-0433252,Gertruda,Furnell,gfurnell0@fda.gov,Female,Argentina,https://robohash.org/enimtemporavoluptatem.bmp?size=50x50&set=set1,9/30/2004
67-5817050,Sisely,Mityukov,smityukov1@purevolume.com,Female,Peru,https://robohash.org/quoautvel.bmp?size=50x50&set=set1,9/17/1989
03-8083199,Bobinette,Foottit,bfoottit2@skype.com,Female,China,https://robohash.org/exercitationemametsed.bmp?size=50x50&set=set1,7/25/1971
21-3483095,Iris,Edmondson,iedmondson3@intel.com,Female,Poland,https://robohash.org/officiissequivoluptas.jpg?size=50x50&set=set1,12/14/1970
12-1908242,Myron,Cail,mcail4@etsy.com,Male,Russia,https://robohash.org/eaesteos.bmp?size=50x50&set=set1,12/9/2003
43-9286604,Rana,Trickett,rtrickett5@jugem.jp,Female,French Polynesia,https://robohash.org/accusantiumundereprehenderit.jpg?size=50x50&set=set1,3/29/1969
31-1571485,Mannie,Petry,mpetry6@acquirethisname.com,Male,Panama,https://robohash.org/similiqueodioeos.jpg?size=50x50&set=set1,10/19/1992
63-0028450,Calli,Memmory,cmemmory7@t-online.de,Female,Russia,https://robohash.org/culpaetquibusdam.png?size=50x50&set=set1,10/6/1995
93-4579910,Corabel,Pietrowicz,cpietrowicz8@house.gov,Female,China,https://robohash.org/quodoloremdolores.bmp?size=50x50&set=set1,4/21/1971
68-8609287,Orelie,Phoenix,ophoenix9@geocities.com,Female,United States,https://robohash.org/estconsequaturnesciunt.bmp?size=50x50&set=set1,4/9/1995
83-5164841,Sher,Hallwood,shallwooda@jalbum.net,Female,Brazil,https://robohash.org/atnihilmollitia.bmp?size=50x50&set=set1,11/9/2005
25-1278500,Reamonn,Rustedge,rrustedgeb@vkontakte.ru,Male,Mayotte,https://robohash.org/quasiatquequisquam.bmp?size=50x50&set=set1,11/30/2005
58-4942411,Luciano,Ditts,ldittsc@sciencedaily.com,Male,Colombia,https://robohash.org/voluptatemveniamautem.bmp?size=50x50&set=set1,3/17/1971
92-1678162,Mollie,Duffrie,mduffried@macromedia.com,Female,Thailand,https://robohash.org/nonquonemo.jpg?size=50x50&set=set1,1/31/1977
13-9723891,Osbourne,Durant,odurante@japanpost.jp,Male,China,https://robohash.org/nonmolestiasex.bmp?size=50x50&set=set1,8/13/1962
11-6674181,Jock,Hubner,jhubnerf@geocities.jp,Male,Portugal,https://robohash.org/autemveroquod.png?size=50x50&set=set1,3/3/1980
34-0234546,Yettie,Aspall,yaspallg@bbb.org,Female,Indonesia,https://robohash.org/veritatissimiliqueneque.jpg?size=50x50&set=set1,1/18/2002
30-0902616,Gertrudis,Stonebridge,gstonebridgeh@ocn.ne.jp,Female,China,https://robohash.org/veritatisidhic.bmp?size=50x50&set=set1,10/27/1982
31-4407941,Carly,Haton,chatoni@zdnet.com,Male,Philippines,https://robohash.org/totammollitiaut.png?size=50x50&set=set1,5/13/2014
67-6502618,Jake,Annion,jannionj@cdbaby.com,Male,Myanmar,https://robohash.org/etofficiavoluptate.bmp?size=50x50&set=set1,8/29/1966
23-3452210,Shandee,Parkeson,sparkesonk@youku.com,Female,Indonesia,https://robohash.org/similiquedebitisinventore.bmp?size=50x50&set=set1,7/26/1972
02-2408583,Dieter,Bonaire,dbonairel@usgs.gov,Male,Greece,https://robohash.org/voluptatumsuntquo.jpg?size=50x50&set=set1,12/11/1969
41-5384004,Cristal,Chritchley,cchritchleym@virginia.edu,Female,Russia,https://robohash.org/eumoptiovel.png?size=50x50&set=set1,7/17/2015
06-2904450,Louella,Scutchings,lscutchingsn@uol.com.br,Female,Serbia,https://robohash.org/similiquequiacupiditate.png?size=50x50&set=set1,10/26/1991
64-6958734,Clary,Rattenbury,crattenburyo@tinyurl.com,Female,Indonesia,https://robohash.org/estearumbeatae.bmp?size=50x50&set=set1,7/13/1994
84-2995893,Harman,Pickthorne,hpickthornep@gravatar.com,Male,Indonesia,https://robohash.org/debitisnonveniam.png?size=50x50&set=set1,1/17/1998
24-1041498,Shelden,Inseal,sinsealq@arizona.edu,Male,United States,https://robohash.org/quodnecessitatibusdoloremque.bmp?size=50x50&set=set1,10/21/2006
68-1426112,Gaston,Crowest,gcrowestr@intel.com,Male,China,https://robohash.org/ullamquasirepellat.png?size=50x50&set=set1,7/15/2013
56-8527882,Oneida,Nickols,onickolss@samsung.com,Female,Yemen,https://robohash.org/etnumquamnatus.jpg?size=50x50&set=set1,9/27/2013
96-6495891,Solly,Selkirk,sselkirkt@diigo.com,Male,Palestinian Territory,https://robohash.org/utplaceatinventore.jpg?size=50x50&set=set1,2/22/1964
02-4703906,Herb,Husselbee,hhusselbeeu@devhub.com,Male,Portugal,https://robohash.org/maximepraesentiumquibusdam.bmp?size=50x50&set=set1,6/4/1964
05-6197251,Jeremiah,Tressler,jtresslerv@51.la,Male,Peru,https://robohash.org/laboriosamenimest.png?size=50x50&set=set1,10/26/2012
67-7767479,Brit,Schustl,bschustlw@time.com,Male,Indonesia,https://robohash.org/ducimusoccaecatideserunt.png?size=50x50&set=set1,3/14/1978
32-4845228,Vasili,Cherry Holme,vcherryholmex@oakley.com,Male,Brazil,https://robohash.org/liberodistinctionatus.jpg?size=50x50&set=set1,1/15/2000
21-3776439,Josepha,Courtese,jcourtesey@tmall.com,Female,Finland,https://robohash.org/utettenetur.jpg?size=50x50&set=set1,3/27/1996
35-5847873,Nert,Brantl,nbrantlz@exblog.jp,Female,Philippines,https://robohash.org/voluptasvoluptasut.png?size=50x50&set=set1,7/27/1961
29-9228050,Jarrid,Trevain,jtrevain10@home.pl,Male,Brazil,https://robohash.org/reiciendisveritatisdolores.jpg?size=50x50&set=set1,10/25/1961
49-7802014,Karney,Minogue,kminogue11@merriam-webster.com,Male,Tanzania,https://robohash.org/vitaeistevel.bmp?size=50x50&set=set1,10/9/1988
81-7208334,Rhiamon,Wiz,rwiz12@deliciousdays.com,Female,Russia,https://robohash.org/velquisquamlaboriosam.bmp?size=50x50&set=set1,9/22/1999
60-7253424,Pace,Eloi,peloi13@pinterest.com,Male,Poland,https://robohash.org/veroquiaeligendi.bmp?size=50x50&set=set1,5/14/1995
49-5015312,Tripp,Ferreira,tferreira14@dagondesign.com,Male,Thailand,https://robohash.org/consequaturmagnamconsequatur.bmp?size=50x50&set=set1,2/22/2010
98-9750672,Elena,Anstee,eanstee15@yahoo.com,Female,Colombia,https://robohash.org/voluptasoptioqui.jpg?size=50x50&set=set1,5/21/1979
35-5774501,Myrta,Antognazzi,mantognazzi16@prnewswire.com,Female,China,https://robohash.org/doloribusipsumatque.png?size=50x50&set=set1,6/14/1980
83-2266174,Conney,Bertholin,cbertholin17@newsvine.com,Male,Nauru,https://robohash.org/estvelullam.bmp?size=50x50&set=set1,7/12/1962
61-8309951,Kaspar,Theriot,ktheriot18@smugmug.com,Male,Czech Republic,https://robohash.org/cumodioet.png?size=50x50&set=set1,10/16/1974
00-4233252,Illa,Ivetts,iivetts19@people.com.cn,Female,China,https://robohash.org/quisquamsedquo.bmp?size=50x50&set=set1,3/10/1982
05-9698598,Mindy,De Biasi,mdebiasi1a@irs.gov,Female,France,https://robohash.org/eumetfugit.png?size=50x50&set=set1,12/15/1963
91-1743965,Teena,Conibear,tconibear1b@yahoo.co.jp,Female,Ukraine,https://robohash.org/nisiutaperiam.png?size=50x50&set=set1,4/27/2015
47-6329507,Ardis,Sainter,asainter1c@icq.com,Female,Russia,https://robohash.org/autadipiscimollitia.png?size=50x50&set=set1,4/24/2008
40-5434338,Rheba,Moreing,rmoreing1d@newsvine.com,Female,China,https://robohash.org/doloremveritatisesse.bmp?size=50x50&set=set1,4/17/1976
